first_name,last_name,email,gender
Murdock,Humerstone,mhumerstonen@buzzfeed.com,Male
Tani,Ashlin,tashlint@buzzfeed.com,Female
Yolanthe,Keunemann,ykeunemann2@dailymail.co.uk,Female
Dorena,Savoury,dsavoury3@spotify.com,Female
Zachary,Knutsen,zknutsen4@com.com,Male
Emily,Janko,ejanko5@kickstarter.com,Female
Carl,Chasmer,cchasmer6@seattletimes.com,Male
Doyle,Malster,dmalster7@ted.com,Male
Sandy,Walsh,swalsh8@domainmarket.com,Female
Griffie,Fortman,gfortman9@opera.com,Male
Elsi,Grosier,egrosiera@tripadvisor.com,Female
Jareb,Marvin,jmarvinb@mlb.com,Male
Elyse,McGeechan,emcgeechanc@google.com.br,Female
Sullivan,Hidderley,shidderleyd@google.co.jp,Male
Marabel,Cardinale,mcardinalee@skyrock.com,Female
Dolf,Curtis,dcurtisf@intel.com,Male
Orton,Nadin,onading@yale.edu,Male
Maurizio,Doud,mdoudh@flavors.me,Male
Gavin,Perkinson,gperkinsoni@163.com,Male
Boone,Sucre,bsucrej@boston.com,Male
Mariann,Barrows,mbarrowsk@youku.com,Female
Blancha,Boshier,bboshierl@blinklist.com,Female
Clarisse,Petters,cpettersm@creativecommons.org,Female
Lorri,Skingle,lskingle0@typepad.com,Female
Maurits,Domerq,mdomerqo@archive.org,Male
Izaak,Ould,iouldp@umn.edu,Male
Riki,Rocco,rroccoq@newsvine.com,Female
Aksel,Baden,abadenr@hostgator.com,Male
Maximilianus,Dick,mdicks@fotki.com,Male
Chancey,Learie,clearie1@ucoz.ru,Male
Rachelle,Patullo,rpatullou@amazon.de,Female
Kendra,Shannahan,kshannahanv@t-online.de,Female
Olimpia,Ferruzzi,oferruzziw@xrea.com,Female
Pennie,Fassbindler,pfassbindlerx@unblog.fr,Male
Amalia,Whitehead,awhiteheady@homestead.com,Female
Sheba,Giabucci,sgiabucciz@yellowpages.com,Female
Krista,O'Cahsedy,kocahsedy10@altervista.org,Female
Ulrika,Flade,uflade11@soundcloud.com,Female
Florida,Eagell,feagell12@google.ca,Female
Alejandra,Clilverd,aclilverd13@dailymotion.com,Female
Martino,Czajkowski,mczajkowski14@sbwire.com,Male
Jessie,MacTavish,jmactavish15@freewebs.com,Male
Hunt,Stolze,hstolze16@usgs.gov,Male
Boycie,Figura,bfigura17@dot.gov,Male
Vere,Oxshott,voxshott18@mozilla.com,Female
Miller,Lomas,mlomas19@nps.gov,Male
Eli,Sherwill,esherwill1a@nature.com,Male
Fan,Oxx,foxx1b@dropbox.com,Female
Charisse,Maceur,cmaceur1c@addtoany.com,Female
Vladamir,China,vchina1d@scientificamerican.com,Male
Luce,Simchenko,lsimchenko1e@samsung.com,Female
Marven,Janz,mjanz1f@imdb.com,Male
Karalee,Meece,kmeece1g@facebook.com,Female
Vincents,Sheraton,vsheraton1h@tmall.com,Male
Loutitia,Landa,llanda1i@purevolume.com,Female
Jule,Iacopo,jiacopo1j@photobucket.com,Male
Tammie,Polglase,tpolglase1k@shop-pro.jp,Male
Jeddy,Gurnell,jgurnell1l@shutterfly.com,Male
Cathyleen,Trunchion,ctrunchion1m@cocolognifty.com,Female
Luis,Babbidge,lbabbidge1n@princeton.edu,Male
Leena,MacArthur,lmacarthur1o@whitehouse.gov,Female
Shel,Hestrop,shestrop1p@marriott.com,Female
Myranda,Vasilchikov,mvasilchikov1q@nature.com,Female
Gardner,Fairpool,gfairpool1r@livejournal.com,Male
Fletch,Sparway,fsparway1s@un.org,Male
Jaimie,Salsberg,jsalsberg1t@topsy.com,Male
Tomasine,Dovidian,tdovidian1u@whitehouse.gov,Female
Bambi,Blow,bblow1v@japanpost.jp,Female
Silvester,Leyrroyd,sleyrroyd1w@cafepress.com,Male
Jinny,Dodsworth,jdodsworth1x@wunderground.com,Female
Elias,Gredden,egredden1y@indiegogo.com,Male
Ulrick,Oakenfall,uoakenfall1z@cisco.com,Male
Katie,Thaxton,kthaxton20@uiuc.edu,Female
Kellsie,Caslin,kcaslin21@sun.com,Female
Dominic,Asbery,dasbery22@pinterest.com,Male
Sawyere,Trusse,strusse23@mysql.com,Male
Grenville,Hayers,ghayers24@usda.gov,Male
Andromache,Haythornthwaite,ahaythornthwaite25@geocities.com,Female
Pall,Blamey,pblamey26@prnewswire.com,Male
Timmie,Kidstoun,tkidstoun27@hc360.com,Male
Juana,Seller,jseller28@google.com.br,Female
Sky,Joice,sjoice29@bigcartel.com,Male
Link,Bonelle,lbonelle2a@scribd.com,Male
Elliot,Pinkett,epinkett2b@example.com,Male
Maia,Connell,mconnell2c@ycombinator.com,Female
Marian,Landsbury,mlandsbury2d@prnewswire.com,Female
Reagan,Gaine of England,rgaineofengland2e@eventbrite.com,Male
Shaun,Partener,spartener2f@about.com,Male
Jacqui,Barstowk,jbarstowk2g@shutterfly.com,Female
Pietrek,Boyse,pboyse2h@sourceforge.net,Male
Benjamin,Cheverton,bcheverton2i@erecht24.de,Male
Phebe,Winyard,pwinyard2j@ihg.com,Female
Standford,Rieger,srieger2k@discovery.com,Male
Mikel,Spencook,mspencook2l@addthis.com,Male
Sayer,Pevreal,spevreal2m@cisco.com,Male
Rebecca,Sherrell,rsherrell2n@umich.edu,Female
Jillie,Aland,jaland2o@behance.net,Female
Oralee,Terrey,oterrey2p@sciencedirect.com,Female
Lola,Middler,lmiddler2q@mtv.com,Female
Ingamar,Sate,isate2r@dot.gov,Male
